"wp_ticket_id","wp_order_id"
"857898","857897"
"857899","857897"
"857901","857900"
"857903","857902"
"857904","857902"
"857906","857905"
"857908","857907"
"857910","857909"
"857911","857909"
"857913","857912"
"857915","857914"
"857916","857914"
"857918","857917"
"857920","857919"
"857922","857921"
"857923","857921"
"857925","857924"
"857929","857928"
"857947","857946"
"857949","857948"
"857950","857948"
"857951","857948"
"857953","857952"
"857954","857952"
"857956","857955"
"857957","857955"
"857958","857955"
"857959","857955"
"857961","857960"
"857963","857962"
"857964","857962"
"857965","857962"
"857970","857969"
"857971","857969"
"857979","857978"
"857980","857978"
"857991","857990"
"857992","857990"
"858019","858018"
"858020","858018"
"858021","858018"
"858022","858018"
"858024","858023"
"858025","858023"
"858027","858026"
"858029","858028"
"858030","858028"
"858032","858031"
"858036","858035"
"858037","858035"
"858040","858039"
"858042","858041"
"858045","858044"
"858050","858049"
"858051","858049"
"858052","858049"
"858054","858053"
"858058","858057"
"858059","858057"
"858063","858062"
"858064","858062"
"858065","858062"
"858066","858062"
"858070","858069"
"858078","858077"
"858086","858085"
"858087","858085"
"858095","858094"
"858096","858094"
"858098","858097"
"858099","858097"
"858101","858100"
"858102","858100"
"858104","858103"
"858106","858105"
"858107","858105"
"858121","858120"
"858122","858120"
"858123","858120"
"858124","858120"
"858125","858120"
"858129","858128"
"858130","858128"
"858132","858131"
"858134","858133"
"858136","858135"
"858137","858135"
"858139","858138"
"858140","858138"
"858141","858138"
"858142","858138"
"858143","858138"
"858144","858138"
"858145","858138"
"858151","858150"
"858153","858152"
"858154","858152"
"858156","858155"
"858157","858155"
"858158","858155"
"858160","858159"
"858162","858161"
"858164","858163"
"858165","858163"
"858167","858166"
"858168","858166"
"858169","858166"
"858171","858170"
"858172","858170"
"858181","858180"
"858188","858187"
"858190","858189"
"858191","858189"
"858193","858192"
"858197","858196"
"858198","858194"
"858200","858199"
"858201","858199"
"858202","858199"
"858203","858199"
"858205","858204"
"858206","858204"
"858207","858204"
"858214","858213"
"858219","858218"
"858221","858220"
"858223","858222"
"858226","858225"
"858231","858230"
"858240","858239"
"858241","858239"
"858242","858239"
"858243","858239"
"858244","858239"
"858245","858239"
"858246","858239"
"858247","858239"
"858248","858239"
"858249","858239"
"858250","858239"
"858251","858239"
"858252","858239"
"858253","858239"
"858254","858239"
"858255","858239"
"858256","858239"
"858257","858239"
"858258","858239"
"858259","858239"
"858260","858239"
"858261","858239"
"858262","858239"
"858263","858239"
"858264","858239"
"858265","858239"
"858266","858239"
"858267","858239"
"858268","858239"
"858269","858239"
"858270","858239"
"858271","858239"
"858272","858239"
"858273","858239"
"858274","858239"
"858275","858239"
"858276","858239"
"858277","858239"
"858278","858239"
"858279","858239"
"858280","858239"
"858281","858239"
"858282","858239"
"858283","858239"
"858284","858239"
"858285","858239"
"858286","858239"
"858287","858239"
"858288","858239"
"858289","858239"
"858291","858290"
"858292","858290"
"858306","858305"
"858307","858305"
"858309","858308"
"858311","858310"
"858312","858310"
"858314","858313"
"858316","858315"
"858317","858315"
"858319","858318"
"858320","858318"
"858321","858318"
"858322","858318"
"858324","858323"
"858326","858325"
"858328","858327"
"858330","858329"
"858332","858331"
"858334","858333"
"858336","858335"
"858338","858337"
"858340","858339"
"858342","858341"
"858344","858343"
"858345","858343"
"858347","858346"
"858348","858346"
"858350","858349"
"858352","858351"
"858354","858353"
"858356","858355"
"858358","858357"
"858359","858357"
"858360","858357"
"858361","858357"
"858363","858362"
"858364","858362"
"858366","858365"
"858367","858365"
"858369","858368"
"858370","858368"
"858371","858368"
"858373","858372"
"858375","858374"
"858376","858374"
"858377","858374"
"858379","858378"
"858380","858378"
"858382","858381"
"858384","858383"
"858385","858383"
"858387","858386"
"858388","858386"
"858390","858389"
"858391","858389"
"858396","858393"
"858397","858393"
"858399","858398"
"858400","858398"
"858401","858398"
"858402","858398"
"858403","858398"
"858404","858398"
"858405","858398"
"858406","858398"
"858407","858398"
"858408","858398"
"858409","858398"
"858410","858398"
"858411","858398"
"858412","858398"
"858414","858413"
"858415","858413"
"858416","858413"
"858417","858413"
"858418","858413"
"858419","858413"
"858420","858413"
"858422","858421"
"858424","858423"
"858425","858423"
"858426","858423"
"858427","858423"
"858429","858428"
"858431","858430"
"858432","858430"
"858434","858433"
"858436","858435"
"858438","858437"
"858440","858439"
"858442","858441"
"858443","858441"
"858445","858444"
"858446","858444"
"858448","858447"
"858451","858450"
"858453","858452"
"858454","858452"
"858456","858455"
"858457","858455"
"858460","858458"
"858468","858467"
"858469","858467"
"858471","858470"
"858472","858470"
"858473","858470"
"858475","858474"
"858477","858476"
"858479","858478"
"858481","858480"
"858482","857757"
"858484","858483"
"858486","858485"
"858487","858485"
"858489","858488"
"858491","858490"
"858492","858490"
"858494","858493"
"858495","858493"
"858496","858493"
"858498","858497"
"858500","858499"
"858501","858499"
"858502","858499"
"858504","858503"
"858505","858503"
"858507","858506"
"858508","858506"
"858510","858509"
"858511","858509"
"858513","858512"
"858514","858512"
"858515","858512"
"858516","858512"
"858517","858512"
"858518","858512"
"858520","858519"
"858522","858521"
"858523","858521"
"858527","858526"
"858528","858526"
"858529","858524"
"858531","858530"
"858532","858530"
"858534","858533"
"858535","858533"
"858536","858533"
"858537","858533"
"858538","858533"
"858540","858539"
"858542","858541"
"858543","858541"
"858544","858541"
"858551","858550"
"858552","858550"
"858555","858554"
"858556","858554"
"858557","858554"
"858558","858554"
"858564","858563"
"858566","858565"
"858568","858567"
"858569","858567"
"858571","858570"
"858572","858570"
"858574","858573"
"858576","858575"
"858577","858575"
"858578","858575"
"858579","858575"
"858581","858580"
"858582","858580"
"858584","858583"
"858585","858583"
"858587","858586"
"858589","858588"
"858590","858588"
"858591","858588"
"858592","858588"
"858593","858588"
"858594","858588"
"858595","858588"
"858596","858588"
"858598","858597"
"858599","858597"
"858601","858600"
"858602","858600"
"858607","858606"
"858609","858608"
"858610","858608"
"858611","858608"
"858612","858608"
"858614","858613"
"858616","858615"
"858617","858615"
"858619","858618"
"858620","858618"
"858622","858621"
"858623","858621"
"858625","858624"
"858626","858624"
"858627","858624"
"858628","858624"
"858629","858624"
"858631","858630"
"858632","858630"
"858633","858630"
"858634","858630"
"858636","858635"
"858638","858637"
"858640","858639"
"858641","858639"
"858643","858642"
"858644","858642"
"858648","858645"
"858649","858645"
"858651","858650"
"858653","858652"
"858654","858652"
"858656","858655"
"858657","858655"
"858658","858655"
"858659","858655"
"858660","858655"
"858661","858655"
"858663","858662"
"858664","858662"
"858666","858665"
"858668","858667"
"858669","858667"
"858671","858670"
"858672","858670"
"858674","858673"
"858675","858673"
"858677","858676"
"858678","858676"
"858680","858679"
"858682","858681"
"858683","858681"
"858685","858684"
"858686","858684"
"858687","858684"
"858689","858688"
"858690","858688"
"858691","858688"
"858693","858692"
"858695","858694"
"858697","858696"
"858699","858698"
"858700","858698"
"858702","858701"
"858703","858701"
"858704","858701"
"858705","858701"
"858706","858701"
"858708","858707"
"858710","858709"
"858711","858709"
"858712","858709"
"858713","858709"
"858714","858709"
"858716","858715"
"858717","858715"
"858719","858718"
"858720","858718"
"858722","858721"
"858724","858723"
"858726","858725"
"858727","858725"
"858729","858728"
"858731","858730"
"858732","858730"
"858733","858730"
"858734","858730"
"858735","858730"
"858736","858730"
"858737","858730"
"858738","858730"
"858739","858730"
"858740","858730"
"858741","858730"
"858742","858730"
"858743","858730"
"858744","858730"
"858745","858730"
"858746","858730"
"858747","858730"
"858748","858730"
"858749","858730"
"858750","858730"
"858751","858730"
"858752","858730"
"858753","858730"
"858754","858730"
"858755","858730"
"858756","858730"
"858757","858730"
"858758","858730"
"858759","858730"
"858760","858730"
"858762","858761"
"858764","858763"
"858765","858763"
"858767","858766"
"858768","858766"
"858770","858769"
"858775","858774"
"858776","858774"
"858777","858771"
"858778","858771"
"858780","858779"
"858781","858779"
"858782","858779"
"858784","858783"
"858786","858785"
"858787","858785"
"858788","858785"
"858789","858785"
"858791","858790"
"858793","858792"
"858795","858794"
"858797","858796"
"858798","858796"
"858800","858799"
"858801","858799"
"858803","858802"
"858804","858802"
"858806","858805"
"858808","858807"
"858809","858807"
"858811","858810"
"858813","858812"
"858815","858814"
"858817","858816"
"858819","858818"
"858820","858818"
"858821","858818"
"858823","858822"
"858825","858824"
"858826","858824"
"858840","858839"
"858841","858839"
"858842","858839"
"858844","858843"
"858845","858843"
"858846","858843"
"858848","858847"
"858849","858847"
"858850","858847"
"858852","858851"
"858854","858853"
"858855","858853"
"858857","858856"
"858859","858858"
"858861","858860"
"858863","858862"
"858864","858862"
"858865","858862"
"858867","858866"
"858868","858866"
"858870","858869"
"858872","858871"
"858873","858871"
"858874","858871"
"858876","858875"
"858877","858875"
"858879","858878"
"858880","858878"
"858881","858878"
"858882","858878"
"858883","858878"
"858884","858878"
"858886","858885"
"858888","858887"
"858889","858887"
"858891","858890"
"858892","858890"
"858894","858893"
"858895","858893"
"858897","858896"
"858898","858896"
"858900","858899"
"858901","858899"
"858903","858902"
"858904","858902"
"858905","858902"
"858907","858906"
"858908","858906"
"858909","858906"
"858911","858910"
"858913","858912"
"858914","858912"
"858915","858912"
"858917","858916"
"858918","858916"
"858919","858916"
"858921","858920"
"858923","858922"
"858924","858922"
"858926","858925"
"858927","858925"
"858929","858928"
"858930","858928"
"858932","858931"
"858933","858931"
"858934","858931"
"858936","858935"
"858937","858935"
"858939","858938"
"858940","858938"
"858942","858941"
"858943","858941"
"858945","858944"
"858946","858944"
"858948","858947"
"858949","858947"
"858951","858950"
"858952","858950"
"858954","858953"
"858955","858953"
"858956","858953"
"858958","858957"
"858959","858957"
"858960","858957"
"858962","858961"
"858963","858961"
"858965","858964"
"858966","858964"
"858968","858967"
"858969","858967"
"858971","858970"
"858973","858972"
"858974","858972"
"858976","858975"
"858977","858975"
"858979","858978"
"858981","858980"
"858982","858980"
"858984","858983"
"858986","858985"
"858988","858987"
"858989","858987"
"858991","858990"
"858992","858990"
"858994","858993"
"858996","858995"
"858998","858997"
"858999","858997"
"859001","859000"
"859002","859000"
"859004","859003"
"859006","859005"
"859007","859005"
"859009","859008"
"859011","859010"
"859012","859010"
"859014","859013"
"859016","859015"
"859017","859015"
"859018","859015"
"859019","859015"
"859021","859020"
"859023","859022"
"859024","859022"
"859026","859025"
"859027","859025"
"859029","859028"
"859030","859028"
"859032","859031"
"859033","859031"
"859034","859031"
"859036","859035"
"859038","859037"
"859040","859039"
"859042","859041"
"859044","859043"
"859045","859043"
"859047","859046"
"859048","859046"
"859049","859046"
"859051","859050"
"859052","859050"
"859053","859050"
"859054","859050"
"859056","859055"
"859057","859055"
"859059","859058"
"859061","859060"
"859062","859060"
"859063","859060"
"859065","859064"
"859066","859064"
"859075","859074"
"859076","859074"
"859084","859083"
"859085","859083"
"859088","859087"
"859089","859087"
"859091","859090"
"859092","859090"
"859093","859090"
"859099","859098"
"859100","859098"
"859102","859101"
"859103","859101"
"859104","859101"
"859108","859105"
"859109","859105"
"859111","859110"
"859112","859110"
"859114","859113"
"859115","859113"
"859116","859113"
"859117","859113"
"859118","859113"
"859119","859113"
"859121","859120"
"859122","859120"
"859123","859120"
"859124","859120"
"859126","859125"
"859127","859125"
"859129","859128"
"859130","859128"
"859132","859131"
"859134","859133"
"859136","859135"
"859137","859135"
"859139","859138"
"859140","859138"
"859142","859141"
"859143","859141"
"859145","859144"
"859146","859144"
"859147","859144"
"859148","859144"
"859150","859149"
"859151","859149"
"859152","859149"
"859153","859149"
"859155","859154"
"859156","859154"
"859157","859154"
"859159","859158"
"859160","859158"
"859162","859161"
"859163","859161"
"859165","859164"
"859166","859164"
"859168","859167"
"859170","859169"
"859172","859171"
"859173","859171"
"859175","859174"
"859176","859174"
"859178","859177"
"859179","859177"
"859181","859180"
"859182","859180"
"859184","859183"
"859185","859183"
"859187","859186"
"859188","859186"
"859189","859186"
"859191","859190"
"859194","859192"
"859196","859195"
"859197","859195"
"859199","859198"
"859200","859198"
"859202","859201"
"859203","859201"
"859204","859201"
"859205","859201"
"859210","859209"
"859211","859209"
"859212","859206"
"859213","859206"
"859215","859214"
"859216","859214"
"859218","859217"
"859219","859217"
"859220","859217"
"859221","859217"
"859223","859222"
"859224","859222"
"859226","859225"
"859228","859227"
"859229","859227"
"859230","859227"
"859232","859231"
"859233","859231"
"859234","859231"
"859235","859231"
"859236","859231"
"859238","859237"
"859239","859237"
"859241","859240"
"859242","859240"
"859244","859243"
"859245","859243"
"859247","859246"
"859248","859246"
"859249","859246"
"859251","859250"
"859252","859250"
"859254","859253"
"859256","859255"
"859257","859255"
"859259","859258"
"859261","859260"
"859262","859260"
"859264","859263"
"859265","859263"
"859267","859266"
"859268","859266"
"859270","859269"
"859271","859269"
"859273","859272"
"859274","859272"
"859276","859275"
"859277","859275"
"859279","859278"
"859280","859278"
"859282","859281"
"859284","859281"
"859285","859283"
"859286","859283"
"859288","859287"
"859289","859287"
"859291","859290"
"859292","859290"
"859294","859293"
"859295","859293"
"859297","859296"
"859298","859296"
"859300","859299"
"859301","859299"
"859303","859302"
"859305","859304"
"859307","859306"
"859308","859306"
"859310","859309"
"859312","859311"
"859313","859311"
"859314","859311"
"859316","859315"
"859317","859315"
"859318","859315"
"859320","859319"
"859321","859319"
"859323","859322"
"859325","859324"
"859326","859324"
"859328","859327"
"859329","859327"
"859331","859330"
"859332","859330"
"859333","859330"
"859335","859334"
"859337","859336"
"859338","859336"
"859340","859339"
"859341","859339"
"859343","859342"
"859344","859342"
"859346","859345"
"859347","859345"
"859349","859348"
"859350","859348"
"859352","859351"
"859353","859351"
"859355","859354"
"859356","859354"
"859358","859357"
"859359","859357"
"859361","859360"
"859363","859362"
"859364","859362"
"859366","859365"
"859367","859365"
"859369","859368"
"859370","859368"
"859372","859371"
"859373","859371"
"859375","859374"
"859377","859376"
"859378","859376"
"859379","859376"
"859381","859380"
"859382","859380"
"859383","859380"
"859384","859380"
"859386","859385"
"859388","859387"
"859389","859387"
"859391","859390"
"859393","859392"
"859394","859392"
"859395","859392"
"859397","859396"
"859398","859396"
"859400","859399"
"859401","859399"
"859403","859402"
"859404","859402"
"859405","859402"
"859406","859402"
"859408","859407"
"859410","859409"
"859411","859409"
"859413","859412"
"859414","859412"
"859416","859415"
"859417","859415"
"859419","859418"
"859421","859420"
"859423","859422"
"859424","859422"
"859425","859422"
"859427","859426"
"859428","859426"
"859430","859429"
"859431","859429"
"859432","859429"
"859433","859429"
"859435","859434"
"859436","859434"
"859438","859437"
"859439","859437"
"859441","859440"
"859443","859442"
"859444","859442"
"859445","859442"
"859447","859446"
"859449","859448"
"859450","859448"
"859452","859451"
"859453","859451"
"859454","859451"
"859455","859451"
"859457","859456"
"859458","859456"
"859459","859456"
"859460","859456"
"859462","859461"
"859463","859461"
"859465","859464"
"859466","859464"
"859468","859467"
"859469","859467"
"859470","859467"
"859471","859467"
"859473","859472"
"859474","859472"
"859481","859480"
"859482","859480"
"859484","859483"
"859485","859483"
"859487","859486"
"859488","859486"
"859490","859489"
"859492","859491"
"859493","859491"
"859498","859497"
"859499","859497"
"859500","859497"
"859502","859501"
"859503","859501"
"859505","859504"
"859506","859504"
"859507","859504"
"859508","859504"
"859509","859494"
"859510","859494"
"859512","859511"
"859513","859511"
"859515","859514"
"859516","859514"
"859518","859517"
"859519","859517"
"859521","859520"
"859522","859520"
"859523","859475"
"859524","859475"
"859525","859475"
"859526","859475"
"859528","859527"
"859530","859529"
"859531","859529"
"859533","859532"
"859535","859534"
"859536","859534"
"859537","859534"
"859539","859538"
"859540","859538"
"859541","859538"
"859543","859542"
"859544","859542"
"859546","859545"
"859547","859545"
"859549","859548"
"859550","859548"
"859551","859548"
"859553","859552"
"859554","859552"
"859556","859555"
"859558","859557"
"859560","859559"
"859562","859561"
"859564","859563"
"859566","859565"
"859567","859565"
"859569","859568"
"859570","859568"
"859572","859571"
"859573","859571"
"859575","859574"
"859576","859574"
"859578","859577"
"859579","859577"
"859580","859577"
"859582","859581"
"859583","859581"
"859585","859584"
"859586","859584"
"859588","859587"
"859592","859591"
"859593","859589"
"859595","859594"
"859596","859594"
"859598","859597"
"859599","859597"
"859601","859600"
"859602","859600"
"859604","859603"
"859606","859605"
"859607","859605"
"859608","859605"
"859609","859605"
"859611","859610"
"859612","859610"
"859613","859610"
"859614","859610"
"859616","859615"
"859617","859615"
"859618","859615"
"859619","859615"
"859620","859615"
"859621","859615"
"859626","859625"
"859627","859625"
"859628","859625"
"859630","859629"
"859632","859631"
"859633","859631"
"859634","859631"
"859636","859635"
"859637","859635"
"859639","859638"
"859640","859638"
"859641","859638"
"859643","859642"
"859644","859642"
"859646","859645"
"859648","859647"
"859649","859647"
"859651","859650"
"859653","859652"
"859654","859652"
"859655","859652"
"859656","859652"
"859658","859657"
"859659","859657"
"859661","859660"
"859663","859662"
"859664","859662"
"859666","859665"
"859668","859667"
"859670","859669"
"859671","859669"
"859673","859672"
"859674","859672"
"859676","859675"
"859677","859675"
"859679","859678"
"859681","859680"
"859682","859680"
"859684","859683"
"859686","859685"
"859687","859685"
"859689","859688"
"859690","859688"
"859692","859691"
"859697","859696"
"859698","859696"
"859699","859696"
"859704","859703"
"859706","859705"
"859708","859707"
"859709","859707"
"859710","859707"
"859711","859707"
"859713","859712"
"859714","859712"
"859716","859715"
"859717","859715"
"859723","859722"
"859724","859722"
"859726","859725"
"859727","859725"
"859729","859728"
"859730","859728"
"859731","859728"
"859732","859728"
"859733","859728"
"859734","859728"
"859745","859744"
"859750","859749"
"859751","859749"
"859753","859752"
"859756","859755"
"859757","859755"
"859759","859758"
"859760","859758"
"859761","859758"
"859763","859762"
"859764","859762"
"859766","859765"
"859768","859767"
"859770","859769"
"859771","859769"
"859772","859769"
"859773","859769"
"859775","859774"
"859776","859774"
"859778","859777"
"859780","859779"
"859782","859781"
"859784","859783"
"859786","859785"
"859787","859785"
"859789","859788"
"859790","859788"
"859792","859791"
"859793","859791"
"859795","859794"
"859796","859794"
"859797","859794"
"859798","859794"
"859800","859799"
"859801","859799"
"859803","859802"
"859804","859802"
"859805","859802"
"859807","859806"
"859809","859808"
"859810","859808"
"859811","859808"
"859813","859812"
"859814","859812"
"859815","859812"
"859817","859816"
"859818","859816"
"859820","859819"
"859821","859819"
"859823","859822"
"859824","859822"
"859827","859826"
"859828","859826"
"859830","859829"
"859831","859829"
"859833","859832"
"859834","859832"
"859836","859835"
"859838","859837"
"859839","859837"
"859841","859840"
"859842","859840"
"859843","859840"
"859844","859840"
"859845","859840"
"859846","859840"
"859847","859840"
"859849","859848"
"859850","859848"
"859852","859851"
"859853","859851"
"859854","859851"
"859856","859855"
"859857","859855"
"859859","859858"
"859861","859860"
"859862","859860"
"859864","859863"
"859865","859863"
"859866","859863"
"859868","859867"
"859869","859867"
"859871","859870"
"859872","859870"
"859874","859873"
"859876","859875"
"859877","859875"
"859879","859878"
"859881","859880"
"859882","859880"
"859885","859884"
"859886","859883"
"859887","859884"
"859888","859883"
"859889","859883"
"859891","859890"
"859892","859890"
"859894","859893"
"859895","859893"
"859898","859897"
"859903","859902"
"859905","859904"
"859906","859904"
"859907","859904"
"859909","859908"
"859910","859908"
"859912","859911"
"859914","859913"
"859916","859915"
"859917","859915"
"859918","859915"
"859920","859919"
"859921","859919"
"859923","859922"
"859924","859922"
"859927","859926"
"859929","859928"
"859930","859928"
"859932","859931"
"859933","859931"
"859934","859931"
"859935","859931"
"859939","859938"
"859940","859938"
"859942","859941"
"859943","859941"
"859948","859947"
"859949","859947"
"859950","859947"
"859951","859947"
"859952","859947"
"859953","859947"
"859954","859947"
"859955","859947"
"859956","859947"
"859957","859947"
"859958","859947"
"859959","859947"
"859960","859947"
"859961","859947"
"859962","859947"
"859963","859947"
"859964","859947"
"859965","859947"
"859966","859947"
"859967","859947"
"859968","859947"
"859969","859947"
"859970","859947"
"859971","859947"
"859972","859947"
"859973","859947"
"859974","859947"
"859975","859947"
"859976","859947"
"859977","859947"
"859978","859947"
"859979","859947"
"859980","859947"
"859981","859947"
"859982","859947"
"859983","859947"
"859984","859947"
"859985","859947"
"859986","859947"
"859987","859947"
"859988","859947"
"859989","859947"
"859990","859947"
"859991","859947"
"859992","859947"
"859993","859947"
"859994","859947"
"859995","859947"
"859996","859947"
"859997","859947"
"859998","859947"
"859999","859947"
"860000","859947"
"860001","859947"
"860002","859947"
"860003","859947"
"860004","859947"
"860005","859947"
"860006","859947"
"860007","859947"
"860008","859947"
"860009","859947"
"860010","859947"
"860011","859947"
"860012","859947"
"860013","859947"
"860014","859947"
"860015","859947"
"860016","859947"
"860017","859947"
"860018","859947"
"860019","859947"
"860020","859947"
"860021","859947"
"860022","859947"
"860023","859947"
"860024","859947"
"860025","859947"
"860026","859947"
"860027","859947"
"860028","859947"
"860029","859947"
"860030","859947"
"860031","859947"
"860032","859947"
"860033","859947"
"860034","859947"
"860035","859947"
"860036","859947"
"860037","859947"
"860038","859947"
"860039","859947"
"860040","859947"
"860041","859947"
"860042","859947"
"860043","859947"
"860044","859947"
"860045","859947"
"860046","859947"
"860047","859947"
"860050","860049"
"860051","860049"
"860053","860052"
"860054","860052"
"860070","860069"
"860071","860069"
"860084","860083"
"860087","860086"
"860088","860086"
"860090","860089"
"860091","860089"
"860094","860093"
"860095","860093"
"860097","860096"
"860098","860096"
"860099","860096"
"860100","860096"
"860101","860096"
"860102","860096"
"860103","860096"
"860104","860096"
"860105","860096"
"860106","860096"
"860107","860096"
"860108","860096"
"860109","860096"
"860110","860096"
"860111","860096"
"860112","860096"
"860113","860096"
"860114","860096"
"860115","860096"
"860116","860096"
"860117","860096"
"860118","860096"
"860119","860096"
"860120","860096"
"860121","860096"
"860122","860096"
"860123","860096"
"860124","860096"
"860125","860096"
"860126","860096"
"860127","860096"
"860128","860096"
"860129","860096"
"860130","860096"
"860131","860096"
"860132","860096"
"860133","860096"
"860134","860096"
"860135","860096"
"860136","860096"
"860137","860096"
"860138","860096"
"860139","860096"
"860140","860096"
"860141","860096"
"860142","860096"
"860143","860096"
"860144","860096"
"860145","860096"
"860146","860096"
"860147","860096"
"860148","860096"
"860149","860096"
"860150","860096"
"860151","860096"
"860152","860096"
"860153","860096"
"860154","860096"
"860155","860096"
"860156","860096"
"860157","860096"
"860158","860096"
"860159","860096"
"860160","860096"
"860161","860096"
"860162","860096"
"860163","860096"
"860164","860096"
"860165","860096"
"860166","860096"
"860167","860096"
"860168","860096"
"860169","860096"
"860170","860096"
"860171","860096"
"860172","860096"
"860173","860096"
"860174","860096"
"860175","860096"
"860176","860096"
"860177","860096"
"860178","860096"
"860179","860096"
"860180","860096"
"860181","860096"
"860182","860096"
"860183","860096"
"860184","860096"
"860185","860096"
"860186","860096"
"860187","860096"
"860188","860096"
"860189","860096"
"860190","860096"
"860191","860096"
"860192","860096"
"860193","860096"
"860194","860096"
"860195","860096"
"860196","860096"
"860198","860197"
"860200","860199"
"860201","860199"
"860203","860202"
"860205","860204"
"860206","860204"
"860208","860207"
"860210","860209"
"860212","860211"
"860214","860213"
"860215","860213"
"860217","860216"
"860219","860218"
"860221","860220"
"860222","860220"
"860223","860220"
"860228","860227"
"860229","860227"
"860231","860230"
"860232","860230"
"860233","860230"
"860234","860230"
"860236","860235"
"860237","860235"
"860239","860238"
"860240","860238"
"860242","860241"
"860243","860241"
"860245","860244"
"860247","860246"
"860248","860246"
"860249","860246"
"860250","860246"
"860251","860246"
"860252","860246"
"860259","860258"
"860260","860258"
"860262","860261"
"860264","860263"
"860265","860263"
"860266","860263"
"860268","860267"
"860270","860269"
"860271","860269"
"860273","860272"
"860274","860272"
"860276","860275"
"860277","860275"
"860278","860275"
"860279","860275"
"860280","860275"
"860281","860275"
"860283","860282"
"860284","860282"
"860286","860285"
"860287","860285"
"860289","860288"
"860290","860288"
"860291","860288"
"860293","860292"
"860294","860292"
"860295","860292"
"860297","860296"
"860299","860298"
"860300","860298"
"860302","860301"
"860311","860310"
"860317","860316"
"860318","860316"
"860320","860319"
"860321","860319"
"860323","860322"
"860324","860322"
"860328","860325"
"860329","860325"
"860330","860325"
"860331","860325"
"860332","860325"
"860333","860325"
"860334","860325"
"860335","860325"
"860336","860325"
"860337","860325"
"860338","860325"
"860339","860325"
"860340","860325"
"860341","860325"
"860342","860325"
"860343","860325"
"860344","860325"
"860345","860325"
"860346","860325"
"860347","860325"
"860348","860325"
"860349","860325"
"860350","860325"
"860351","860325"
"860352","860325"
"860353","860325"
"860354","860325"
"860355","860325"
"860356","860325"
"860357","860325"
"860360","860359"
"860361","860359"
"860363","860362"
"860364","860362"
"860365","860362"
"860369","860368"
"860370","860368"
"860375","860374"
"860376","860374"
"860377","860374"
"860378","860374"
"860384","860383"
"860385","860383"
"860389","860388"
"860391","860390"
"860392","860390"
"860394","860393"
"860398","860397"
"860399","860397"
"860401","860400"
"860402","860400"
"860404","860403"
"860405","860403"
"860408","860407"
"860415","860414"
"860416","860414"
"860424","860423"
"860426","860425"
"860427","860425"
"860429","860428"
"860430","860428"
"860431","860428"
"860432","860428"
"860434","860433"
"860436","860435"
"860437","860435"
"860439","860438"
"860440","860438"
"860442","860441"
"860443","860441"
"860445","860444"
"860446","860444"
"860448","860447"
"860450","860449"
"860452","860451"
"860453","860451"
"860455","860454"
"860456","860454"
"860458","860457"
"860459","860457"
"860461","860460"
"860462","860460"
"860464","860463"
"860465","860463"
"860467","860466"
"860469","860468"
"860471","860470"
"860472","860470"
"860474","860473"
"860476","860475"
"860478","860477"
"860487","860486"
"860489","860488"
"860490","860488"
"860492","860491"
"860493","860491"
"860494","860491"
"860495","860491"
"860497","860496"
"860499","860498"
"860501","860500"
"860502","860500"
"860504","860503"
"860505","860503"
"860506","860503"
"860507","860503"
"860508","860503"
"860509","860503"
"860510","860503"
"860511","860503"
"860513","860512"
"860515","860514"
"860516","860514"
"860518","860517"
"860519","860479"
"860520","860479"
"860521","860479"
"860522","860479"
"860523","860479"
"860524","860479"
"860526","860525"
